{
    "c": [
        2783,
        2765.300048828125,
        2749.5,
        2747.300048828125,
        2752,
        2712.89990234375,
        2716.89990234375
      ],
    "t": [
        1520812800,
        1520899200,
        1520985600,
        1521072000,
        1521158400,
        1521417600,
        1521504000
      ]
}