{
    "c": [
        2711.89990234375,
        2643.699951171875,
        2588.300048828125,
        2658.60009765625,
        2612.60009765625,
        2605,
        2640.89990234375,
        2581.89990234375,
        2614.39990234375,
        2644.699951171875,
        2662.800048828125,
        2604.5,
        2613.199951171875,
        2656.89990234375,
        2642.199951171875,
        2664,
        2656.300048828125,
        2677.800048828125,
        2706.39990234375,
        2708.60009765625,
        2693.10009765625,
        2670.10009765625,
        2670.300048828125,
        2634.60009765625,
        2639.39990234375,
        2666.89990234375,
        2669.89990234375
      ],
    "t": [
        1521590400,
        1521676800,
        1521763200,
        1522022400,
        1522108800,
        1522195200,
        1522281600,
        1522627200,
        1522713600,
        1522800000,
        1522886400,
        1522972800,
        1523232000,
        1523318400,
        1523404800,
        1523491200,
        1523577600,
        1523836800,
        1523923200,
        1524009600,
        1524096000,
        1524182400,
        1524441600,
        1524528000,
        1524614400,
        1524700800,
        1524787200
      ]
}