{
    "c": [
        2648.10009765625,
        2654.800048828125,
        2635.699951171875,
        2629.699951171875,
        2663.39990234375,
        2672.60009765625,
        2671.89990234375,
        2697.800048828125,
        2723.10009765625,
        2727.699951171875,
        2730.10009765625,
        2711.39990234375,
        2722.5,
        2720.10009765625,
        2713,
        2733,
        2724.39990234375,
        2733.300048828125,
        2727.800048828125,
        2721.300048828125,
        2689.89990234375,
        2724,
        2705.300048828125,
        2734.60009765625,
        2746.89990234375,
        2748.800048828125,
        2772.300048828125,
        2770.39990234375,
        2779,
        2782,
        2786.800048828125,
        2775.60009765625,
        2782.5,
        2779.699951171875,
        2773.800048828125,
        2762.60009765625,
        2767.300048828125,
        2749.800048828125,
        2754.89990234375,
        2717.10009765625,
        2723.10009765625,
        2699.60009765625,
        2716.300048828125,
        2718.39990234375,
        2726.699951171875,
        2713.199951171875,
        2736.60009765625,
        2759.800048828125,
        2784.199951171875,
        2793.800048828125,
        2774,
        2798.300048828125,
        2801.300048828125,
        2798.39990234375,
        2809.60009765625,
        2815.60009765625,
        2804.5,
        2801.800048828125,
        2807,
        2820.39990234375,
        2846.10009765625,
        2837.39990234375,
        2818.800048828125,
        2802.60009765625,
        2816.300048828125,
        2813.39990234375,
        2827.199951171875,
        2840.300048828125,
        2850.39990234375,
        2858.39990234375,
        2857.699951171875,
        2853.60009765625,
        2833.300048828125,
        2821.89990234375,
        2840,
        2818.39990234375,
        2840.699951171875,
        2850.10009765625,
        2857.10009765625,
        2863,
        2861.800048828125,
        2857,
        2874.699951171875,
        2896.699951171875,
        2897.5,
        2914,
        2901.10009765625
      ],
    "t": [
        1525046400,
        1525132800,
        1525219200,
        1525305600,
        1525392000,
        1525651200,
        1525737600,
        1525824000,
        1525910400,
        1525996800,
        1526256000,
        1526342400,
        1526428800,
        1526515200,
        1526601600,
        1526860800,
        1526947200,
        1527033600,
        1527120000,
        1527206400,
        1527552000,
        1527638400,
        1527724800,
        1527811200,
        1528070400,
        1528156800,
        1528243200,
        1528329600,
        1528416000,
        1528675200,
        1528761600,
        1528848000,
        1528934400,
        1529020800,
        1529280000,
        1529366400,
        1529452800,
        1529539200,
        1529625600,
        1529884800,
        1529971200,
        1530057600,
        1530144000,
        1530230400,
        1530489600,
        1530576000,
        1530748800,
        1530835200,
        1531094400,
        1531180800,
        1531267200,
        1531353600,
        1531440000,
        1531699200,
        1531785600,
        1531872000,
        1531958400,
        1532044800,
        1532304000,
        1532390400,
        1532476800,
        1532563200,
        1532649600,
        1532908800,
        1532995200,
        1533081600,
        1533168000,
        1533254400,
        1533513600,
        1533600000,
        1533686400,
        1533772800,
        1533859200,
        1534118400,
        1534204800,
        1534291200,
        1534377600,
        1534464000,
        1534723200,
        1534809600,
        1534896000,
        1534982400,
        1535068800,
        1535328000,
        1535414400,
        1535500800,
        1535587200
      ]
}