{
    "c": [
        4109.2998046875,
        4124.5,
        4100.60009765625,
        4090.39990234375,
        4105,
        4109.10009765625,
        4108.89990234375,
        4091.89990234375,
        4146.2001953125,
        4137.60009765625,
        4151.2998046875,
        4154.89990234375,
        4154.5,
        4129.7998046875,
        4133.5,
        4137
    ],
    "t": [
        1680220800,
        1680480000,
        1680566400,
        1680652800,
        1680739200,
        1681084800,
        1681171200,
        1681257600,
        1681344000,
        1681430400,
        1681689600,
        1681776000,
        1681862400,
        1681948800,
        1682035200,
        1682294400
    ]
}