{
    "c": [
        892.5399780273438,
        891.75,
        878.219970703125,
        880.9000244140625,
        889.6400146484375,
        887.4400024414062,
        896.989990234375,
        898.2999877929688,
        902.7100219726562
      ],
    "t": [
        1545955200,
        1546387200,
        1546473600,
        1546560000,
        1546819200,
        1546905600,
        1546992000,
        1547078400,
        1547164800
      ]
}