{
    "c": [
        901.7999877929688,
        909.6799926757812,
        908.7000122070312,
        901.8900146484375,
        902.2999877929688,
        911.0499877929688,
        906.5499877929688,
        908.1799926757812,
        908.7899780273438,
        908.8800048828125,
        912.1799926757812,
        915.9299926757812,
        915.8400268554688,
        910.6500244140625,
        908.6699829101562,
        926.0999755859375,
        937.5399780273438,
        945.25,
        952.3400268554688
      ],
    "t": [
        1547424000,
        1547510400,
        1547596800,
        1547683200,
        1547769600,
        1548028800,
        1548115200,
        1548201600,
        1548288000,
        1548374400,
        1548633600,
        1548720000,
        1548806400,
        1548892800,
        1548979200,
        1549843200,
        1549929600,
        1550016000,
        1550102400
      ]
}