{
    "c": [
        950.8900146484375,
        961.2999877929688,
        964.3499755859375,
        970.5800170898438,
        987.5700073242188,
        988.9099731445312,
        994.4299926757812,
        987.0599975585938,
        990.27001953125,
        965.469970703125,
        979.6300048828125,
        993.989990234375,
        992.4500122070312,
        994.489990234375,
        994.030029296875,
        985.25,
        984.5999755859375,
        1001.3200073242188,
        1005.4099731445312,
        1008.4400024414062,
        1004.1199951171875,
        1011.8599853515625,
        1006.5900268554688,
        1002.2999877929688,
        981.780029296875,
        988.7100219726562,
        970.0700073242188,
        969.7899780273438,
        975.9099731445312,
        982.97998046875,
        980.760009765625,
        988.530029296875,
        985.8099975585938,
        984.4600219726562,
        986.9099731445312,
        989.260009765625,
        997.5599975585938,
        988.47998046875,
        981.9099731445312,
        985.9500122070312,
        982.9000244140625,
        977.1699829101562,
        972.0999755859375,
        962.2999877929688,
        966.2100219726562,
        965.8599853515625,
        968,
        976.9199829101562,
        974.1300048828125,
        979.6400146484375,
        978.5,
        974.1400146484375,
        957.969970703125,
        957.5599975585938,
        951.219970703125,
        947.010009765625,
        952.5499877929688,
        958.5399780273438,
        965.3400268554688,
        975.6400146484375,
        975.6900024414062,
        976.47998046875,
        987.1300048828125,
        986.2899780273438,
        983.780029296875,
        982.7100219726562,
        970.030029296875,
        975.1400146484375,
        972,
        971.5399780273438
      ],
    "t": [
        1550188800,
        1550448000,
        1550534400,
        1550620800,
        1550707200,
        1550793600,
        1551052800,
        1551139200,
        1551225600,
        1551312000,
        1551398400,
        1551657600,
        1551744000,
        1551830400,
        1551916800,
        1552003200,
        1552262400,
        1552348800,
        1552435200,
        1552521600,
        1552608000,
        1552867200,
        1552953600,
        1553040000,
        1553126400,
        1553212800,
        1553472000,
        1553558400,
        1553644800,
        1553731200,
        1553817600,
        1554076800,
        1554163200,
        1554249600,
        1554336000,
        1554422400,
        1554681600,
        1554768000,
        1554854400,
        1554940800,
        1555027200,
        1555372800,
        1555459200,
        1555545600,
        1555632000,
        1555891200,
        1555977600,
        1556064000,
        1556150400,
        1556236800,
        1556755200,
        1556841600,
        1557100800,
        1557187200,
        1557273600,
        1557360000,
        1557446400,
        1557705600,
        1557792000,
        1557878400,
        1557964800,
        1558051200,
        1558310400,
        1558396800,
        1558483200,
        1558569600,
        1558656000,
        1558915200,
        1559001600,
        1559088000
      ]
}