{
    "c": [
        1059.43994140625,
        1064.6400146484375,
        1079.280029296875,
        1078.449951171875,
        1080.8599853515625,
        1070.9100341796875,
        1069.7099609375,
        1065.3499755859375,
        1069.4599609375,
        1069.449951171875,
        1064.300048828125
      ],
    "t": [
        1680134400,
        1680220800,
        1680480000,
        1680566400,
        1680652800,
        1680739200,
        1680825600,
        1681084800,
        1681171200,
        1681257600,
        1681344000
      ]
}