{
    "c": [
        1290.9000244140625,
        1292,
        1289.5999755859375,
        1304.4000244140625,
        1303.699951171875,
        1299,
        1301.5999755859375,
        1306.5,
        1304.699951171875,
        1299.300048828125,
        1297.300048828125,
        1302.199951171875,
        1301.4000244140625,
        1303,
        1302.699951171875,
        1303.199951171875,
        1299.4000244140625,
        1301.300048828125,
        1308.300048828125,
        1278.5,
        1280.0999755859375
      ],
    "t": [
        1526860800,
        1526947200,
        1527033600,
        1527120000,
        1527206400,
        1527465600,
        1527552000,
        1527638400,
        1527724800,
        1527811200,
        1528070400,
        1528156800,
        1528243200,
        1528329600,
        1528416000,
        1528675200,
        1528761600,
        1528848000,
        1528934400,
        1529020800,
        1529280000
      ]
}