{
    "c": [
        1278.5999755859375,
        1274.5,
        1270.5,
        1270.699951171875,
        1268.9000244140625,
        1259.9000244140625,
        1256.0999755859375,
        1251,
        1254.5,
        1241.699951171875,
        1253.5,
        1258.800048828125,
        1261.699951171875,
        1255.800048828125,
        1259.5999755859375,
        1255.4000244140625,
        1244.4000244140625,
        1246.5999755859375,
        1241.199951171875,
        1239.699951171875,
        1227.300048828125,
        1227.9000244140625,
        1224,
        1231.0999755859375,
        1225.5999755859375,
        1225.5,
        1231.800048828125,
        1225.699951171875,
        1232.699951171875,
        1231.5,
        1233.5999755859375,
        1227.5999755859375,
        1220.0999755859375,
        1223.199951171875,
        1217.699951171875,
        1218.300048828125,
        1221,
        1219.9000244140625,
        1219,
        1198.9000244140625,
        1200.699951171875,
        1185,
        1184,
        1184.199951171875,
        1194.5999755859375,
        1200,
        1203.300048828125,
        1194,
        1213.300048828125,
        1216,
        1214.4000244140625,
        1211.5,
        1205,
        1206.699951171875,
        1199.0999755859375,
        1196.5999755859375,
        1201.300048828125,
        1204.300048828125,
        1200.4000244140625,
        1199.800048828125,
        1202.199951171875,
        1210.9000244140625,
        1208.199951171875,
        1201.0999755859375,
        1205.800048828125,
        1202.9000244140625,
        1208.300048828125,
        1211.300048828125,
        1201.300048828125,
        1204.4000244140625,
        1205.0999755859375,
        1199.0999755859375,
        1187.4000244140625,
        1196.199951171875,
        1191.699951171875,
        1207,
        1202.9000244140625,
        1201.5999755859375,
        1205.5999755859375
    ],
    "t": [
        1529366400,
        1529452800,
        1529539200,
        1529625600,
        1529884800,
        1529971200,
        1530057600,
        1530144000,
        1530230400,
        1530489600,
        1530576000,
        1530662400,
        1530748800,
        1530835200,
        1531094400,
        1531180800,
        1531267200,
        1531353600,
        1531440000,
        1531699200,
        1531785600,
        1531872000,
        1531958400,
        1532044800,
        1532304000,
        1532390400,
        1532476800,
        1532563200,
        1532649600,
        1532908800,
        1532995200,
        1533081600,
        1533168000,
        1533254400,
        1533513600,
        1533600000,
        1533686400,
        1533772800,
        1533859200,
        1534118400,
        1534204800,
        1534291200,
        1534377600,
        1534464000,
        1534723200,
        1534809600,
        1534896000,
        1534982400,
        1535068800,
        1535328000,
        1535414400,
        1535500800,
        1535587200,
        1535673600,
        1535932800,
        1536019200,
        1536105600,
        1536192000,
        1536278400,
        1536537600,
        1536624000,
        1536710400,
        1536796800,
        1536883200,
        1537142400,
        1537228800,
        1537315200,
        1537401600,
        1537488000,
        1537747200,
        1537833600,
        1537920000,
        1538006400,
        1538092800,
        1538352000,
        1538438400,
        1538524800,
        1538611200,
        1538697600
    ]
}