{
    "c": [
        1989.0999755859375,
        2004.800048828125,
        2010.9000244140625,
        2041.300048828125,
        2002.199951171875,
        1994.199951171875,
        2010.300048828125,
        1998,
        2009.800048828125,
        1981.300048828125,
        1990.5999755859375
      ],
    "t": [
        1681084800,
        1681171200,
        1681257600,
        1681344000,
        1681430400,
        1681689600,
        1681776000,
        1681862400,
        1681948800,
        1682035200,
        1682294400
      ]
}